***REMOVED***,https://***REMOVED***/***REMOVED***/_vti_bin/ListData.svc/***REMOVED***,FEI HeliosDB,https://***REMOVED***/***REMOVED***/Lists/***REMOVED***/calendar.aspx,***REMOVED***,FEI Helios,***REMOVED***,./Aphrodite
***REMOVED***,https://***REMOVED***/***REMOVED***/_vti_bin/ListData.svc/***REMOVED***,FEI Quanta200,https://***REMOVED***/***REMOVED***/Lists/***REMOVED***/calendar.aspx,***REMOVED***,FEI Quanta200,***REMOVED***,./Quanta
***REMOVED***,https://***REMOVED***/***REMOVED***/_vti_bin/ListData.svc/***REMOVED***,FEI Titan STEM,https://***REMOVED***/***REMOVED***/Lists/***REMOVED***/calendar.aspx,***REMOVED***,FEI Titan STEM,***REMOVED***,./643Titan
***REMOVED***,https://***REMOVED***/***REMOVED***/_vti_bin/ListData.svc/***REMOVED***,FEI Titan TEM,https://***REMOVED***/***REMOVED***/Lists/***REMOVED***/calendar.aspx,***REMOVED***,FEI Titan TEM,***REMOVED***,./Titan
***REMOVED***,https://***REMOVED***/***REMOVED***/_vti_bin/ListData.svc/***REMOVED***,Hitachi S4700,https://***REMOVED***/***REMOVED***/Lists/***REMOVED***/calendar.aspx,***REMOVED***,Hitachi S4700,***REMOVED***,./***REMOVED***
***REMOVED***,https://***REMOVED***/***REMOVED***/_vti_bin/ListData.svc/***REMOVED***,Hitachi-S5500,https://***REMOVED***/***REMOVED***/Lists/***REMOVED***/calendar.aspx,***REMOVED***,Hitachi S5500,***REMOVED***,./S5500
***REMOVED***,https://***REMOVED***/***REMOVED***/_vti_bin/ListData.svc/***REMOVED***,JEOL ***REMOVED***,https://***REMOVED***/***REMOVED***/Lists/***REMOVED***/calendar.aspx,***REMOVED***,JEOL ***REMOVED***,***REMOVED***,./JEOL3010
***REMOVED***,https://***REMOVED***/***REMOVED***/_vti_bin/ListData.svc/***REMOVED***,JEOL JSM7100,https://***REMOVED***/***REMOVED***/Lists/***REMOVED***/calendar.aspx,***REMOVED***,JEOL JSM7100,***REMOVED***,./7100Jeol
***REMOVED***,https://***REMOVED***/***REMOVED***/_vti_bin/ListData.svc/***REMOVED***,Philips CM30,https://***REMOVED***/***REMOVED***/Lists/***REMOVED***/calendar.aspx,***REMOVED***,Philips CM30,***REMOVED***,./***REMOVED***
***REMOVED***,https://***REMOVED***/***REMOVED***/_vti_bin/ListData.svc/***REMOVED***,Philips EM400,https://***REMOVED***/***REMOVED***/Lists/***REMOVED***/calendar.aspx,***REMOVED***,Philips EM400,***REMOVED***,./EM400
